PKYVKQNTLKLAT,0
AAAAKAAAAA,0
PKYVKQNTLKLAT,0
AFSIRPGLLIGFGLR,0.820152
ALVGAALHPFALLLV,0.85125
ANEAVQDPKFWELVD,0.211037
ASIVKASFEEGKCGL,0.27177
ASMVNGVIKILTYPW,0.727865
ASRENSGGGVEGIGL,0
AVSGDDCVVRPIDDR,0
AVSMTGVMRGNHYAF,0.738145
CPFSNRVWNSFQIEE,0.425072
CSCRDQSEAQLALTI,0
DDCVVRPIDDRFGLA,0.394792
DDRFGLALSHLNAMS,0.688783
DFHPGAGKTRRFLPQ,0.58619
DIDCWCYGVENVRVA,0.509851
DIHRLEPVKCDTLLC,0.514567
DRYSVDADLQLGELI,0
DWLNKYSYYPEDPVK,0
EEAEISGSSARYDVA,0.336253
EENEGDNACKRTYSD,0
ELQMSWLPLCVRLER,0.692027
FILATDIAEMGANLC,0.363241
FLQRSVSTVCSRISR,0.682619
GDSYIIVGRGDSRLT,0
GGKAYMDVISRRDQR,0.679685
GGTVIRNPLSRNSTH,0.796925
GKEELQEIPTMLKKG,0.555242
GQEKYTDYLTVMDRY,0
GQQRVFKEKVDTRAK,0.580094
GSHEVNGTWMIHTLE,0
GVTLVRKNRWLLLNV,0.935937
GYKVQTNGPWMQVPL,0.409238
HDWILADKRPTAWFL,0.706274
HGSPTFWMGSHEVNG,0.412869
IALLVLAVGPAYSAH,0.627964
IDGKSRKECPFSNRV,0.390144
IFIFRDSDDWLNKYS,0.358651
IGRNPNRDGDSYYYS,0.33294
IIGVLHQNFKDTSMQ,0.656779
ILGAAVNGKKSAHGS,0.706274
KFWELVDEERKLHQQ,0.470105
KKPDFILATDIAEMG,0.32754
KLGEVSWEEEAEISG,0
KNLIPSSASPWSWPD,0.300792
KTFEREYPTIKQKKP,0.355482
KVPWDQVVMTSLALV,0.449542
LADKRPTAWFLPSIR,0.513127
LELLQRRFGGTVIRN,0.8344
LEPVKCDTLLCDIGE,0
LGMLLMTGGVTLVRK,0.787187
LHGGHVSCRVKLSAL,0.723124
LHQNFKDTSMQKTIP,0.323474
LIEVNPPFGDSYIIV,0.275883
LIGFGLRTLWSPRER,0.820152
LKRMAVSGDDCVVRP,0.618556
LMTGGVTLVRKNRWL,0.871874
LTSYLGLTQPFLGLC,0.646144
LTVMDRYSVDADLQL,0.627964
MASHIHLVIHRIRTL,0.796925
MLHWSLILPGIKAQQ,0.5369
MLMTGGVTLVRKNRW,0.898463
MRSMPFLRKTRWTFL,1
MTSLALVGAALHPFA,0.749713
NFGKRELKCGDGIFI,0.286408
NGVIKILTYPWDRIE,0.706274
NLYKLHGGHVSCRVK,0.787187
NPPFGDSYIIVGRGD,0
NRATWASHIHLVIHR,0.702501
NSFQIEEFGTGVFTT,0.386562
PCREQDELIGRGRVS,0.53387
PEMPALYEKKLALYL,0.698876
PGIKAQQSKLAQRRV,0.778379
PNRDGDSYYYSEPTS,0
PSELQMSWLPLCVRL,0.682619
PSSASPWSWPDLDLK,0.198952
QAVMEMTYKNKVVKV,0.743748
QDELIGRGRVSPGNG,0.636608
QIGNRPGPSRGVQGF,0.285025
QKTKQIGNRPGPSRG,0.58619
QMRSMPFLRKTRWTF,0.935937
QRRFGGTVIRNPLSR,0.631325
QTKIQYVIRAQLHVG,0.676841
QTNGPWMQVPLEVKR,0
QYVIRAQLHVGAKQE,0.743748
RAKDPPAGTRKIMKV,0.334237
RAQLHVGAKQENWNT,0.627964
RDSDDWLNKYSYYPE,0
RELKCGDGIFIFRDS,0.362678
REYPTIKQKKPDFIL,0.599739
RIVVPCREQDELIGR,0.311117
RMAEAEMVIHHQHVQ,0.666267
RPGLLIGFGLRTLWS,0.75609
RPTAWFLPSIRAANV,0.85125
RWLLLNVTSEDLGKT,0.473456
SCRDQSEAQLALTII,0.238274
SELQMSWLPLCVRLE,0.532098
SIRAANVMAASLRKA,0.820152
SLILPGIKAQQSKLA,0.787187
SMPFLRKTRWTFLLS,0.871874
SRKECPFSNRVWNSF,0.404118
TDIAEMGANLCVERV,0.407247
TGVMRGNHYAFVGVM,0.820152
TNDNNLYKLHGGHVS,0.339763
TNLKVQLIRMAEAEM,0.75609
TTPFGQQRVFKEKVD,0.509392
TTVLDFHPGAGKTRR,0.603461
VALTLTSYLGLTQPF,0.610019
VENVRVAYGKCDSAG,0.407247
VFKEKVDTRAKDPPA,0.376583
VKEEGKEELQEIPTM,0.224627
VKINDKCPSTGEAHL,0.423073
VLAVGPAYSAHCIGI,0
VLNRKTFEREYPTIK,0.706274
VLTHVKINDKCPSTG,0.529787
VQDPKFWELVDEERK,0.271281
VQLIRMAEAEMVIHH,0.573455
VQTAVDFGNSYIAEM,0
VRKNRWLLLNVTSED,0.571643
VRPIDDRFGLALSHL,0.589395
VSWEEEAEISGSSAR,0
WASHIHLVIHRIRTL,0.727865
WCYGVENVRVAYGKC,0.356003
WFLPSIRAANVMAAS,0.770337
WNTGHDWILADKRPT,0.537519
YMDVISRRDQRGSGQ,0.706274
YPEDPVKLASIVKAS,0.433734
YTDYLTVMDRYSVDA,0.532685
DQVVMTSLALVGAALK,0.575304
IEEFGTGVFTTRVYMD,0.519538
MMFLSLGVGADQGCAR,0.468328
NRVWNSFQIEEFGTGE,0
TIPLVALTLTSYLGLK,0.698876
EAKITMLTNGQCQNIT,0
EDFREFSRAKGLNQEI,0
EFVKIVQKRGIVKENI,0
FREFSRAKGLNQEILE,0
GGNLEAKITMLTNGQC,0
IVQKRGIVKENIIDLT,0
KITMLTNGQCQNITVV,0.442181
QEALEDFREFSRAKGL,0.220559
QKRGIVKENIIDLTKI,0.277469
RGIVKENIIDLTKIDR,0.186817
VKIVQKRGIVKENIID,0
KKFILATDIAEMGANLC,0
KKKVPWDQVVMTSLALV,0
KKPVKLASIVKASFEEG,0.68565
KKTHISYIMLIFFVLMV,0
GPEYWDRETQKYKRQAQ,0
KKDQVVMTSLALVGAALK,0
ACCRTHDMCPDVMSAGES,0
CPDVMSAGESKHGLTNTA,0
KHTDACCRTHDMCPDVMS,0
MSAGESKHGLTNTASHTR,0
THDMCPDVMSAGESKHGL,0
RDGVRRPQKRPSCIGCKGT,0
DDIKATYDKGILTVSVAVSE,0
DPDKDVDIMVRDGQLTIKAE,0.233436
EAQLNINQEWNKALGLPKYT,0.738145
IQHVSVNNLNVGRSPEEILR,0
KLITFNVHNRYASNIVESAY,1
NKALGLPKYTKLITFNVHNR,0.727865
RLEDEMKEGRYEVRAELPGV,0.018341
SEFAYGSFVRTVSLPVGADE,0.009738
TVSLPVGADEDDIKATYDKG,0
YEVRAELPGVDPDKDVDIMV,0.032965
YGKDALLHEHYVYAKEGYEP,0.8344
YVYAKEGYEPVLVIQSSEDY,0.898463
FLQRSVSTVCSRISRHHHHHH,0.85125
KTFEREYPTIKQKKPHHHHHH,0.762939
DGGRRKKGGWFGKHRGQGGSNP,0
RPFFHPVGEADYFEYHQEGGPDGEPD,0
SKYALVDASLKMADPNRFRGKDLPVLDQL,0
APQIPPNWHIPSIQDAATPYHPPATPNNMGL,0
DLPVLDQLTDPPGVRRVYHIQAGLPDPFQPPS,0
KLGEVSWEEEA,0
FNLIDTKCYKLEH,0
FVGKMYFNLIDTK,0
GKMYFNLIDTKCY,0
KMYFNLIDTKAYK,0.377677
KMYFNLIDTKCYK,0.62472
MYFNLIDTKCYKL,0.5369
NLIDTKCYKLEHP,0
VGKMYFNLIDTKC,0
YFNLIDTKCYKLE,0
AAVPGKNVVNVQTKP,0
AMSKVRKDISEWQPS,0.418855
ASTNDDEVLIEVNPP,0.21944
CDERVSSDQSALSEF,0
CGLNSVDSLEHEMWR,0.379342
CGSLIGMTNRATWAS,0.749713
CGYLMFLGGVKPTHI,0.541317
CVYNMMGKREKKLSE,0.8344
DLVAYGGSWKLEGRW,0.504926
DPRQGLAVLRKVKRV,0.871874
DVPYLTKRQDKLCGS,0.473456
EAMDTISVFLHSEEG,0.304107
ECEWPLTHTIGTSVE,0.296809
EEGKCGLNSVDSLEH,0
EFIAKVRSHAAIGAY,0.898463
EMTYKNKVVKVLRPA,0.871874
EVDISVVVQDPKNVY,0.30734
FLATRIFGRRSIPVN,0.935937
FLHSEEGSRAYRNAL,0.306114
FRELVRNCDLPVWLS,0.582081
GEEEVQLIAAVPGKN,0.39231
GGFFTSVGKGIHTVF,0.612778
GIAQSASVLSFMDKG,0.576242
GPAYSAHCIGITDRD,0.423253
GRKNGSFIIDGKSRK,0.435363
GVDNFCVKVLAPYMP,0.615622
HAAIGAYLEEQEQWK,0.671403
IAMEVVLRKRQGPKQ,0.770337
IGITDRDFIEGVHGG,0.152889
ILVTVNPIASTNDDE,0.558297
INAIFEENEVDISVV,0.363241
ISASSAAQRRGRIGR,0.871874
ISEWQPSKGWNDWEN,0.470405
KASFEEGKCGLNSVD,0.303218
KFDALSGSQEVEFIG,0
KKPLRPRWCDERVSS,0.424158
KLAQRRVFHGVAKNP,0.8344
KNKVVKVLRPAPGGK,0.652377
KRQGPKQMLVGGVVL,0
KTHESHLVRSWVTAG,0.501503
KTLGVNMVRRGVRSL,0.85125
KVRSHAAIGAYLEEQ,0.778379
LDYKECEWPLTHTIG,0
LECQVQTAVDFGNSY,0.648176
LEHEMWRSRADEINA,0.339617
LELKKLGEVSWEEEA,0
LFGKKNLIPSSASPW,0.378007
LGGVMGGLWKYLNAV,0.770337
LGWNIITFKDKTDIH,0.633052
LMVVVIPEPGQQRSI,0.557524
LNVTSEDLGKTFSVG,0.329349
LSEFGKAKGSRAIWY,0.787187
LSGSQEVEFIGYGKA,0.305306
LTKRQDKLCGSLIGM,0.509851
MCHATLTYRMLEPTR,0.618556
MFLGGVKPTHISYIM,0.60734
MGGLWKYLNAVSLCI,0.550126
MLEKTKEDLFGKKNL,0.301997
MLHHWIKVEYGNLSL,0.661401
MLSPMLHHWIKVEYG,0.762939
MMGKREKKLSEFGKA,0.75609
MMTGRMGERQLQKIE,0.738145
MWRSRADEINAIFEE,0
MYKECEWPLTHTIGT,0
NFLGPIAVGGLLMML,0.587246
NVQSLGWNIITFKDK,0.458064
PGQQRSIQDNQVAYL,0.220821
PIVNRNGEVIGLYGN,0.319813
PWMQVPLEVKREACP,0.196101
QDKLCGSLIGMTNRA,0.422714
QDPKNVYQRGTHPFS,0.559864
QSALSEFIKFAEGRR,0.579116
RADEINAIFEENEVD,0
RCRTCVYNMMGKREK,0
REKKLSEFGKAKGSR,0.807811
RMGERQLQKIERWFV,0.679685
RNGEVIGLYGNGILV,0.394792
RQEKWMTGRMGERQL,0.47661
RRGRIGRNPNRDGDS,0.53507
RRGVRSLSNKIKQKT,0.743748
RRVFHGVAKNPVVDG,0.706274
RSWVTAGEIHAVPFG,0.410015
RTKGTMRASALILIE,0.640305
RVDGLELKKLGEVSW,0.321595
SAAQRRGRIGRNPNR,1
SAHCIGITDRDFIEG,0
SASVLSFMDKGIPFM,0.572545
SCTMPPVSFHGSDGC,0.161515
SEDLGKTFSVGTGNC,0.289577
SGREVIDAMCHATLT,0.457019
SHLVRSWVTAGEIHA,0.59385
SVDSLEHEMWRSRAD,0.17865
SVVVQDPKNVYQRGT,0.646144
TAKLRWFHERGYVKL,0.820152
TGVAVSRGTAKLRWF,0.935937
TISVFLHSEEGSRAY,0.377347
TKEDLFGKKNLIPSS,0.346579
TLEQDKCVTVMAPDK,0
TMAGCGYLMFLGGVK,0.470105
TSVGKGIHTVFGSAF,0.486777
TSVIIDGNCDGRGKS,0.568989
TVEKWLACGVDNFCV,0.17556
VFSPGRKNGSFIIDG,0.299037
VIDAMCHATLTYRML,0.688783
VIPEPGQQRSIQDNQ,0
VIPEWCCRSCTMPPV,0
VIRDLAAMDGGGFYA,0.21769
VKREACPGTSVIIDG,0.321476
VNMVRRGVRSLSNKI,0.935937
VNPIASTNDDEVLIE,0
VPLEVKREACPGTSV,0.315391
VQLIAAVPGKNVVNV,0.676841
VRKDISEWQPSKGWN,0.524251
VRNCDLPVWLSWQVA,0.559077
VSRGTAKLRWFHERG,0.871874
VSSDQSALSEFIKFA,0.219282
VVLRKRQGPKQMLVG,0.8344
WCCRSCTMPPVSFHG,0
WKLEGRWDGEEEVQL,0
WMTGRMGERQLQKIE,0.600963
WVSATLEQDKCVTVM,0.311978
YGGSWKLEGRWDGEE,0.310636
YLGYVIRDLAAMDGG,0.514085
HDPLPHSPSDSAGND,0
VKQIKVRVDMVRHRI,0.898463
VRHRIKEHMLKKYTQ,0.935937
EYGNLSLSGIAQSASD,0.516523
WLACGVDNFCVKVLAK,0.474078
DQEVPEKPDSVTPMIL,0
DSVTPMILKAQKGGNL,0
DTVAVSGKWYLKAMTA,0.442181
HGRQIRMAKLFGRDPE,0.667524
IIFIFRRDLLCPLGAL,0
PSPVRDHYILYCEGEL,0
RDHYILYCEGELHGRQ,0
TPALGKDTVAVSGKWY,0
VSTVVTATGLALSLLL,0
ACPGTSVIIDGNCDGKK,0.156798
FIGYGKATLECQVQTKK,0.491933
GKATLECQVQTAVDFKK,0.375933
IHAVPFGLVSMMIAMKK,0.778379
KKFEENEVDISVVVQDP,0.319461
KKLTIAYLVGSNMTQRV,0.75609
KKMNISVIMLLVSGWNS,0.398438
KKPIAVGGLLMMLVSVA,0
KKWIKVEYGNLSLSGIA,0.524251
KKWKYLNAVSLCILTIN,0.325516
LTPVTMAEVRLAAMFKK,0.787187
QEVEFIGYGKATLECKK,0.469807
SNMTQRVVIALLVLAKK,0
TMAEVRLAAMFFCAVKK,0.45099
YLVGSNMTQRVVIALKK,0.778379
CGHGNKSSGPNELGRFKH,0
GPNELGRFKHTDACCRTH,0.226752
GTLWCGHGNKSSGPNELG,0
KLEHPVTGCGERTEGRCL,0
KMYFNLIDTKCYKLEHPV,0.472837
LGRFKHTDACCRTHDMCP,0
NKSSGPNELGRFKHTDAC,0.084687
NLIDTKCYKLEHPVTGCG,0
NSADTISSYFVGKMYFNL,0
PVTGCGERTEGRCLHYTV,0
TISSYFVGKMYFNLIDTK,0
TKCYKLEHPVTGCGERTE,0
YFVGKMYFNLIDTKCYKL,0.401377
AKAFAYYIEPQHRDVLQLYA,0.796925
DTGGLIDSPSINLDVRKQYK,0.807811
GKWKIIYFYPKDFTFVCPTE,0
ILTVSVAVSEGKPTEKHIQI,0
IVEFAKLAKQFEERDAVLLG,0
KGELIDQLGVRDKEAGVALR,0
LRPTFDTRLMRLEDEMKEGR,0.425625
MGSLEMVPMGAGPPSPGGDP,0
QNSNEVQEVFAKAFAYYIEP,0.464873
QSDLIKKVTNYLVDGNGRFV,0.663802
RDKEAGVALRATFIVDPDNT,0
SVAVSEGKPTEKHIQIRSTN,0
VGRSPEEILRILDGLQTDEL,0
YLVDGNGRFVFTDITLPNIA,0
DPRQGLAVLRKVKRVHHHHHH,0.871874
MGGLWKYLNAVSLCIHHHHHH,0.738145
RRGVRSLSNKIKQKTHHHHHH,0.743748
SVVVQDPKNVYQRGTHHHHHH,0.75609
VNMVRRGVRSLSNKIHHHHHH,0.796925
ILDGLQTDELCPCNRAIGGATL,0
NPKFENIAEGLRALLARSHVERTTDE,0.315335
SGHESDSNSNEGRHHLLVSGAGDGPPL,0
NKSLGACPIRTQPRWNYYDSFSAVSEDNLGF,0.530936
QPPSLPITVYYAVLERACRSVLLNAPSEAPQIVR,0
LLVSGWNSITV,0.492313
SLAEGIVLASA,0
KCIEWEKAQHGA,0.466297
AEMETESWIVDRQWA,0
AEMVIHHQHVQDCDE,0.57719
AGWLFHVRGARRSGD,0.935937
AMTDTTPFGQQRVFK,0.443293
ATPPGTSDEFPHSNG,0
CEHLEDGIYGIFQST,0
CGSYVTKTSGSAASM,0.438709
CTDKMFFVKNPTDTG,0.23649
DCRTAFKPVLVDEGR,0.44174
DGGGFYADDTAGWDT,0.310796
DLDDEQEILNYMSPH,0
DQGCSSALGSGPYGA,0
DQRGSGQVVTYALNT,0.311546
EEPDDIDCWCYGVEN,0.180313
EERVERIKSEYMTSW,0.563079
EHEILNDSGETVKCR,0
EQEILNYMSPHHKKL,0.698876
ERIKSEYMTSWFYDN,0
ERKLHQQGRCRTCVY,0.796925
FEALGFLNEDHWASR,0.155437
FHVRGARRSGDVLWD,0.506687
FSSAGGFFTSVGKGI,0.327285
FTQTMKGVERLAVMG,0.787187
FYADDTAGWDTRITE,0.249909
GAGKTRRFLPQILAE,0.778379
GCSSALGSGPYGALG,0.151899
GDSYYYSEPTSENNA,0
GETVKCRAPGGAKKP,0.400668
GGVFHTMWHVTRGAF,0.871874
GKCDSAGRSRRSRRA,0.85125
GKEFIRCLALPFRGY,0.698876
GKGEWMTTEDMLEVW,0
GKNLVFSPGRKNGSF,0.807811
GKTFSVGTGNCTTNI,0.334031
GLALSHLNAMSKVRK,0.935937
GLCAFLATRIFGRRS,0.85125
GLFGGLNWITKVIMG,0.627964
GLRTLWSPRERLVLT,0.75609
GPLDKEAIEERVERI,0
GPLIEGNTSLLWNGP,0.32961
GPLRISASSAAQRRG,0.871874
GRTTWSIHGKGEWMT,0.470405
GRWDGEEEVQLIAAV,0
GSRAIWYMWLGARYL,0.770337
GTSDEFPHSNGEIED,0
HGVAKNPVVDGNPTV,0.37038
HTMWHVTRGAFLVRN,0.85125
HVTRGAFLVRNGKKL,0.898463
IEEAPEMPALYEKKL,0
IGKLFTQTMKGVERL,0.706274
IHHQHVQDCDESVLT,0.389142
IHLVIHRIRTLIGQE,0.871874
IHRIRTLIGQEKYTD,0.778379
INKGILVTVNPIAST,0.590489
ISGSSARYDVALSEQ,0.289154
ISRRDQRGSGQVVTY,0.511709
KEFIRCLALPFRGYL,0.820152
KGIHTVFGSAFQGLF,0.42434
KNPTDTGHGTVVMQV,0
KNPVVDGNPTVDIEE,0
KRVPMALQHFGWEVM,0.60867
KTKNKTNWKQTWTFK,0.644157
KYSYYPEDPVKLASI,0
LAEGIVLASAALGPL,0.495407
LDKRQFELYKRTDIV,0.540673
LGLTQPFLGLCAFLA,0.447178
LLVLAGWLFHVRGAR,0.807811
LNDSGETVKCRAPGG,0
LNYMSPHHKKLAQAV,0.871874
LPQILAECARRRLRT,0.898463
LQEIPTMLKKGMTTV,0.710207
LQYGWKTWGKNLVFS,0.8344
LRLGKEFIRCLALPF,0.762939
LRTLVLAPTRVVLSE,0.8344
LSEEKVPWDQVVMTS,0.332264
LSFMDKGIPFMKMNI,0.482918
LTAAINKGILVTVNP,0.644157
LVDEERKLHQQGRCR,0.676841
LWSPRERLVLTLGAA,0.679685
MFFVKNPTDTGHGTV,0.252826
MKGVERLAVMGDTAW,0.688783
MLGARYLEFEALGFL,0.32378
MSIHGKGEWMTTEDM,0.19547
NLWKMKTGRRGSANG,0.898463
NSYIAEMETESWIVD,0
NVYQRGTHPFSRIRD,0.820152
PSWASVKEDLVAYGG,0.335553
PTMLKKGMTTVLDFH,0.738145
PTSENNAHHVCWLEA,0.195088
PTVDIEEAPEMPALY,0
QRMFTREELIHFPEF,0.523716
RERLVLTLGAAMVEI,0.598531
RGTHPFSRIRDGLQY,0.42844
RLGKEFIRCLALPFR,0.738145
RMLEPTRVVNWEVII,0.430172
RTLIGQEKYTDYLTV,0.486777
RVAYGKCDSAGRSRR,0.398026
SARYDVALSEQGEFK,0.301032
SEYMTSWFYDNDNPY,0.259503
SGARSNVTFTVNQTS,0.355482
SHLNAMSKVRKDISE,0.820152
SNVTFTVNQTSRLLM,0.723124
SVGTGNCTTNILEAK,0.212278
SVKEDLVAYGGSWKL,0.442402
TARRHLAEGKVDTGV,0.357848
TESWIVDRQWAQDLT,0.260736
TLTYRMLEPTRVVNW,0.615622
TRRFLPQILAECARR,0.668799
TRVVLSEMKEAFHGL,0.57075
VADDLTAAINKGILV,0
VAIKGPLRISASSAA,0.60867
VDFGNSYIAEMETES,0
VDGNPTVDIEEAPEM,0.156597
VDRDTARRHLAEGKV,0.423073
VEIALGGVMGGLWKY,0.392568
VLAPTRVVLSEMKEA,0.631325
VLAPYMPDVLEKLEL,0.26723
VLEKLELLQRRFGGT,0.85125
VPTSWVPQGRTTWSI,0.663802
VTKTSGSAASMVNGV,0
VTRMAMTDTTPFGQQ,0.491933
WKTWGKNLVFSPGRK,0.898463
WSIHGKGEWMTTEDM,0.357141
WVPQGRTTWSIHGKG,0.438072
YMPDVLEKLELLQRR,0.644157
YYSEPTSENNAHHVC,0.255515
AALHPFALLLVLAGWK,0.738145
DKGIPFMKMNISVIMK,0.631325
MYYVSGARSNVTFTVK,0.444192
PKQMLVGGVVLLGAMK,0.62314
QPFLGLCAFLATRIFK,0.60734
SLLWNGPMAVSMTGVK,0.481554
APRFKHLRKYTYNYEA,0
EGELHGRQIRMAKLLG,0.293431
GKWYLKAMTADQEVPE,0
HGRQIKMAKLLGRDPE,0.539398
HGRQIRMAKLLGRDPE,0.603461
HGRQIRMAKLLTRDPE,0.667524
LKAMTADQEVPEKPDS,0
MAKLLGRDPEQSQEAL,0
RQIRMAKLLGRDPEQS,0.293431
IWYMWLGARYLEFEAKK,0.738145
KKEGNTSLLWNGPMAVS,0
KKGLNWITKVIMGAVLI,0.671403
KKLVGGVVLLGAMLVGQ,0.611388
KKPFALLLVLAGWLFHV,0
KKSGARSNVTFTVNQTS,0
KKTLLDLLKLTVAVGLH,0.640305
KKVGQVTLLDLLKLTVA,0.732862
NSYIAEMETESWIVDKK,0.218945
SGQVVTYALNTITNLKK,0.611388
TVFGSAFQGLFGGLNKK,0.454459
VLTLGAAMVEIALGGKK,0.349209
WLGARYLEFEALGFLKK,0.563079
LPPWFPPMVEGAAAEGDDG,0
AVDDYAGYLLDKNQSDLVTN,0
EIMKHIVKIEVKGEEAVKKE,0.727865
EQYTHQDEIYEQVHSKGLYV,0.749713
ESWGAVWRIDTPDKLTGPFT,0
EYIRIDAKVVPKSKIDTKIQ,0.706274
FEERDAVLLGGSSDNEFVKL,0
GSSDNEFVKLAWRREHKDLD,0.466297
KELLNRIQVDSSNPLSEKEK,0.311762
LPKPPKPVSKMRMATPLLMQ,0
QHRDVLQLYAPEAFNYMDKF,0.483608
RNKTQEEHLKEIMKHIVKIE,0.807811
SEGFIHEFGHAVDDYAGYLL,0
SKKFIDIFKEEGSNLTSYGR,0.342806
VENTEKALNVYYEIGKILSR,0.606029
YYEIGKILSRDILSKINQPY,0.85125
DKGIPFMKMNISVIMHHHHHH,0.702501
GSRAIWYMWLGARYLHHHHHH,0
IHRIRTLIGQEKYTDHHHHHH,0.807811
LPQILAECARRRLRTHHHHHH,0.796925
LTAAINKGILVTVNPHHHHHH,0.75609
LENGKLILQRNIGLEIKDVQI,0.796925
VLVMLVLLILAYRRRWRRLTV,0.53036
PQCRLTPLSRLPFGMAPGPGPQPG,0.38512
KTSLYNLRRGTALAIPQCRLTPLSRL,0.295262
IGLEIKDVQIIKQSEKEYIRIDAKVVP,0.706274
ITQFILEHRAKGSCKYALPLRIPPSACLSPQ,0.510312
EDNLGFLMHAPAFETAGTYLRLVKINDWTEITQF,0
LMMLVSVAGRV,0.75609
AAAQKEVSGVKGFTL,0.251693
AAHRARANESATILM,0.297222
ALIAAFSIRPGLLIG,0.8344
AMCRTPFSLAEGIVL,0.518018
ANMWSLMYFHKRDMR,0.85125
ANVMAASLRKAGKSV,0.820152
ARGWAAHRARANESA,0.526426
AVAANELGMLEKTKE,0.211455
CYNAVLTHVKINDKC,0.536286
DGCWYPMEIRPRKTH,0.727865
DKCVTVMAPDKPSLD,0.390522
DLKPGAAWTVYVGIV,0.587246
DLPTHENHGLKTRQE,0.273073
DLPVWLSWQVAKAGL,0.666267
DRDFIEGVHGGTWVS,0
DTAGWDTRITEADLD,0
DTGHGTVVMQVKVSK,0.636608
DVALSEQGEFKLLSE,0.216086
EDHWASRENSGGGVE,0.253714
EEGSRAYRNALSMMP,0.458064
EEQEQWKTANEAVQD,0
EFKLLSEEKVPWDQV,0.277954
EGSSIGKLFTQTMKG,0.718615
EKPMNVQSLGWNIIT,0.508482
ELQLKDGRRIVVPCR,0.749713
EMGANLCVERVLDCR,0.510312
ERVLDCRTAFKPVLV,0.621587
EVWNRVWITNNPHMQ,0.598531
FCVKVLAPYMPDVLE,0.710207
FEVDQTKIQYVIRAQ,0
FFFLFNILTGKKITA,0.706274
FHGSDGCWYPMEIRP,0
FKDTSMQKTIPLVAL,0.68565
FNILTGKKITAHLKR,0.85125
FTLGRDGHEKPMNVQ,0.200201
GARRSGDVLWDIPTP,0.443293
GCNRLKRMAVSGDDC,0.698876
GFLNEDHWASRENSG,0.372958
GIVTMLSPMLHHWIK,0.778379
GKVDTGVAVSRGTAK,0.375933
GLAVLRKVKRVVASL,0.935937
GLKTRQEKWMTGRMG,0.482233
GMVIFFMSPKGISRM,0.807811
GNQEGSLKTALTGAM,0.388398
GRGGWCYYAAAQKEV,0.460998
GRRGAAEVLVVLSEL,0.291462
GSGGVWREMHHLVEF,0.560657
GTVVMQVKVSKGAPC,0.648176
GVAQGGVFHTMWHVT,0.542619
GWGNGCGLFGKGSIV,0.44152
GWNDWENVPFCSHHF,0
HEMNNGGDAMYMALI,0.323535
HGGTWVSATLEQDKC,0.339253
HHFHELQLKDGRRIV,0.732862
HLAEGKVDTGVAVSR,0.249551
IGLQYLGYVIRDLAA,0.718615
IGMTNRATWASHIHL,0.75609
IRNPLSRNSTHEMYY,0.732862
ITEADLDDEQEILNY,0
IVLASAALGPLIEGN,0.409083
KAQGKTLGVNMVRRG,0.481554
KILTYPWDRIEEVTR,0.471613
KKLAQAVMEMTYKNK,0.47131
KRVVASLMRGLSSRK,0.778379
LAAMDGGGFYADDTA,0.401519
LASVAMCRTPFSLAE,0.820152
LEAWLTEHGCNRLKR,0.666267
LNTITNLKVQLIRMA,0.85125
LRKVKRVVASLMRGL,0.898463
LSLAVSSAVPTSWVP,0.42806
LSPREEPDDIDCWCY,0
LSRNSTHEMYYVSGA,0.626328
LTEHGCNRLKRMAVS,0.8344
LWDIPTPKIIEECEH,0.241874
MEYLGHNAAGQWLEF,0.172786
MHHLVEFEPPHAATI,0.512179
MMIHTLEALDYKECE,0.648176
MSGRKAQGKTLGVNM,0.22159
MTLKGTSYKICTDKM,0.580094
MVTMLSPMLHHWIKV,0.787187
NALSMMPEAMTIVML,0.53036
NCPNLSPREEPDDID,0
NLCVERVLDCRTAFK,0
NPYRTWHYCGSYVTK,0.654552
NSGGGVEGIGLQYLG,0.188592
PFCSHHFHELQLKDG,0.467162
PSEPWNTGHDWILAD,0.245619
QGFIFFFLFNILTGK,0.478556
QRGVGVAQGGVFHTM,0.207497
QTDIPSEPWNTGHDW,0.20618
QVAKAGLKTNDRKWC,0.557524
QWHKEGSSIGKLFTQ,0
QWKTANEAVQDPKFW,0.25575
RAYRNALSMMPEAMT,0.409083
RDGHEKPMNVQSLGW,0.323965
RGLSSRKRRSHDVLT,0.871874
RIEEVTRMAMTDTTP,0.654552
RKAGKSVVVLNRKTF,0.732862
RLTYQWHKEGSSIGK,0.541966
RPAEVRKVCYNAVLT,0.525332
RPAPGGKAYMDVISR,0.470105
RPGPSRGVQGFIFFF,0.418684
RRAIDLPTHENHGLK,0
RSHDVLTVQFLILGM,0.426181
RVKLSALTLKGTSYK,0.598531
SAALGPLIEGNTSLL,0
SAGRSRRSRRAIDLP,0.8344
SEFIKFAEGRRGAAE,0.714316
SEQGEFKLLSEEKVP,0
SGDVLWDIPTPKIIE,0.366498
SLDISLETVAIDRPA,0.327285
SLETVAIDRPAEVRK,0.487136
SMQKTIPLVALTLTS,0.682619
SPHHKKLAQAVMEMT,0.559864
SPWSWPDLDLKPGAA,0
SRKRRSHDVLTVQFL,0.743748
STHEMYYVSGARSNV,0.57719
SVAGRVDGLELKKLG,0.356526
SYKICTDKMFFVKNP,0.521603
TGKKITAHLKRLWKM,0.871874
TIKQKKPDFILATDI,0.472223
TLEALDYKECEWPLT,0
TQAFSAHGSGREVID,0.47629
TSWFYDNDNPYRTWH,0
TVMAPDKPSLDISLE,0.26335
TWHYCGSYVTKTSGS,0.443293
VAIDRPAEVRKVCYN,0.420414
VGINTRNMTMSMSMI,0.620059
VKFHTQAFSAHGSGR,0.53387
VKVLRPAPGGKAYMD,0.706274
VLALGNQEGSLKTAL,0.322864
VNGTWMIHTLEALDY,0.424523
VRKVCYNAVLTHVKI,0.68565
VSSAVPTSWVPQGRT,0.688783
VWREMHHLVEFEPPH,0.553015
VYMDAVFEYTIDCDG,0
WCYYAAAQKEVSGVK,0.459386
WDTRITEADLDDEQE,0
WLSWQVAKAGLKTND,0.661401
WMIHTLEALDYKECE,0.640305
WPDLDLKPGAAWTVY,0.367085
YDNDNPYRTWHYCGS,0
YPMEIRPRKTHESHL,0.796925
YPWDRIEEVTRMAMT,0.646144
YSDRGWGNGCGLFGK,0.170571
EHDLERGPPGPRRPP,0
NPGGYVAYSKAATVT,0
TKPEVISVMKRRIEE,0.871874
TPKIQVYSRHPAENG,0.124501
VLAELVKQIKVRVDM,0.85125
AASLRKAGKSVVVLNK,0.778379
AMYMALIAAFSIRPGK,0.576242
GVEGIGLQYLGYVIRK,0.676841
KFAEGRRGAAEVLVVK,0.189392
LLTSGMVIFFMSPKGK,0.743748
MMLVSVAGRVDGLELK,0.702501
PDKPSLDISLETVAID,0
TVYVGIVTMLSPMLHK,0.787187
VLIWVGINTRNMTMSK,0.698876
EKIEENGSMRVFVDVI,0.277469
ENGSMRVFVDVIRALD,0.199159
GQRVVFIQPSPVRDHY,0
IDLTKIDRCFQLRGNG,0
ITVVLHKTSEPGKYTA,0
KENIIDLTKIDRCFQL,0
PGKYTAYEGQRVVFIQ,0.205119
QNITVVLHKTSEPGKY,0
SPEIKEEFVKIVQKRG,0.277469
TAYEGQRVVFIQPSPV,0
TERVRLVTRHIYNREE,0.358243
KKDNQVAYLIIGILTLV,0.495407
KKIEGVHGGTWVSATLE,0.328118
KKIGESSSSSVTEGERT,0
KKKCDTLLCDIGESSSS,0
KKLALSLASVAMCRTPF,0.778379
KKLLCDIGESSSSSVTE,0.339108
KKTRNMTMSMSMILVGV,0.695388
NAVSLCILTINAVASKK,0.633052
SRGVQGFIFFFLFNIKK,0
VTYALNTITNLKVQLKK,0.796925
SSVITLNTNVGLYDQSD,0.020624
KKGAAWTVYVGIVTMLSK,0
KKPDKPSLDISLETVAID,0
CDCDDKFYDCLKNSADTI,0
DCLKNSADTISSYFVGKM,0
DKFYDCLKNSADTISSYF,0
GLTNTASHTRLSCDCDDK,0.111275
TASHTRLSCDCDDKFYDC,0
TRLSCDCDDKFYDCLKNS,0
TVYVGIVTMLSPMLHHHHHH,0
AWRREHKDLDKLNHYSFGDV,0
DPTLDHHWHLWKKTYGKQYK,0
KLNHYSFGDVKGELIDQLGV,0
MKTVGDKLEAFTVVAAKPGF,0.226238
SDVLEMYKAIGGKIYIVDGD,0.555242
DGCWYPMEIRPRKTHHHHHHH,0.85125
FFFLFNILTGKKITAHHHHHH,0
FNILTGKKITAHLKRHHHHHH,0.770337
QWHKEGSSIGKLFTQHHHHHH,0.778379
VRKVCYNAVLTHVKIHHHHHH,0
ICGIVYWMRRHTQKAPKRIRLPHIRED,0.627964
DPHLPTLLLGSSGSGGDDDDPHGPVQLSYYD,0
